USE [Traffilizer]
GO
/****** Object:  Table [dbo].[__MigrationHistory]    Script Date: 29/09/2018 8:10:03 PM ******/
SET ANSI_NULLS ON
GO
SET QUOTED_IDENTIFIER ON
GO
CREATE TABLE [dbo].[__MigrationHistory](
	[MigrationId] [nvarchar](150) NOT NULL,
	[ContextKey] [nvarchar](300) NOT NULL,
	[Model] [varbinary](max) NOT NULL,
	[ProductVersion] [nvarchar](32) NOT NULL,
 CONSTRAINT [PK_dbo.__MigrationHistory] PRIMARY KEY CLUSTERED 
(
	[MigrationId] ASC,
	[ContextKey] ASC
)WITH (PAD_INDEX = OFF, STATISTICS_NORECOMPUTE = OFF, IGNORE_DUP_KEY = OFF, ALLOW_ROW_LOCKS = ON, ALLOW_PAGE_LOCKS = ON) ON [PRIMARY]
) ON [PRIMARY] TEXTIMAGE_ON [PRIMARY]
GO
/****** Object:  Table [dbo].[AspNetRoles]    Script Date: 29/09/2018 8:10:03 PM ******/
SET ANSI_NULLS ON
GO
SET QUOTED_IDENTIFIER ON
GO
CREATE TABLE [dbo].[AspNetRoles](
	[Id] [nvarchar](128) NOT NULL,
	[Name] [nvarchar](256) NOT NULL,
 CONSTRAINT [PK_dbo.AspNetRoles] PRIMARY KEY CLUSTERED 
(
	[Id] ASC
)WITH (PAD_INDEX = OFF, STATISTICS_NORECOMPUTE = OFF, IGNORE_DUP_KEY = OFF, ALLOW_ROW_LOCKS = ON, ALLOW_PAGE_LOCKS = ON) ON [PRIMARY]
) ON [PRIMARY]
GO
/****** Object:  Table [dbo].[AspNetUserClaims]    Script Date: 29/09/2018 8:10:03 PM ******/
SET ANSI_NULLS ON
GO
SET QUOTED_IDENTIFIER ON
GO
CREATE TABLE [dbo].[AspNetUserClaims](
	[Id] [int] IDENTITY(1,1) NOT NULL,
	[UserId] [nvarchar](128) NOT NULL,
	[ClaimType] [nvarchar](max) NULL,
	[ClaimValue] [nvarchar](max) NULL,
 CONSTRAINT [PK_dbo.AspNetUserClaims] PRIMARY KEY CLUSTERED 
(
	[Id] ASC
)WITH (PAD_INDEX = OFF, STATISTICS_NORECOMPUTE = OFF, IGNORE_DUP_KEY = OFF, ALLOW_ROW_LOCKS = ON, ALLOW_PAGE_LOCKS = ON) ON [PRIMARY]
) ON [PRIMARY] TEXTIMAGE_ON [PRIMARY]
GO
/****** Object:  Table [dbo].[AspNetUserLogins]    Script Date: 29/09/2018 8:10:03 PM ******/
SET ANSI_NULLS ON
GO
SET QUOTED_IDENTIFIER ON
GO
CREATE TABLE [dbo].[AspNetUserLogins](
	[LoginProvider] [nvarchar](128) NOT NULL,
	[ProviderKey] [nvarchar](128) NOT NULL,
	[UserId] [nvarchar](128) NOT NULL,
 CONSTRAINT [PK_dbo.AspNetUserLogins] PRIMARY KEY CLUSTERED 
(
	[LoginProvider] ASC,
	[ProviderKey] ASC,
	[UserId] ASC
)WITH (PAD_INDEX = OFF, STATISTICS_NORECOMPUTE = OFF, IGNORE_DUP_KEY = OFF, ALLOW_ROW_LOCKS = ON, ALLOW_PAGE_LOCKS = ON) ON [PRIMARY]
) ON [PRIMARY]
GO
/****** Object:  Table [dbo].[AspNetUserRoles]    Script Date: 29/09/2018 8:10:03 PM ******/
SET ANSI_NULLS ON
GO
SET QUOTED_IDENTIFIER ON
GO
CREATE TABLE [dbo].[AspNetUserRoles](
	[UserId] [nvarchar](128) NOT NULL,
	[RoleId] [nvarchar](128) NOT NULL,
 CONSTRAINT [PK_dbo.AspNetUserRoles] PRIMARY KEY CLUSTERED 
(
	[UserId] ASC,
	[RoleId] ASC
)WITH (PAD_INDEX = OFF, STATISTICS_NORECOMPUTE = OFF, IGNORE_DUP_KEY = OFF, ALLOW_ROW_LOCKS = ON, ALLOW_PAGE_LOCKS = ON) ON [PRIMARY]
) ON [PRIMARY]
GO
/****** Object:  Table [dbo].[AspNetUsers]    Script Date: 29/09/2018 8:10:03 PM ******/
SET ANSI_NULLS ON
GO
SET QUOTED_IDENTIFIER ON
GO
CREATE TABLE [dbo].[AspNetUsers](
	[Id] [nvarchar](128) NOT NULL,
	[Email] [nvarchar](256) NULL,
	[EmailConfirmed] [bit] NOT NULL,
	[PasswordHash] [nvarchar](max) NULL,
	[SecurityStamp] [nvarchar](max) NULL,
	[PhoneNumber] [nvarchar](max) NULL,
	[PhoneNumberConfirmed] [bit] NOT NULL,
	[TwoFactorEnabled] [bit] NOT NULL,
	[LockoutEndDateUtc] [datetime] NULL,
	[LockoutEnabled] [bit] NOT NULL,
	[AccessFailedCount] [int] NOT NULL,
	[UserName] [nvarchar](256) NOT NULL,
 CONSTRAINT [PK_dbo.AspNetUsers] PRIMARY KEY CLUSTERED 
(
	[Id] ASC
)WITH (PAD_INDEX = OFF, STATISTICS_NORECOMPUTE = OFF, IGNORE_DUP_KEY = OFF, ALLOW_ROW_LOCKS = ON, ALLOW_PAGE_LOCKS = ON) ON [PRIMARY]
) ON [PRIMARY] TEXTIMAGE_ON [PRIMARY]
GO
/****** Object:  Table [dbo].[ReportURL]    Script Date: 29/09/2018 8:10:03 PM ******/
SET ANSI_NULLS ON
GO
SET QUOTED_IDENTIFIER ON
GO
CREATE TABLE [dbo].[ReportURL](
	[Id] [bigint] IDENTITY(1,1) NOT NULL,
	[Message] [nvarchar](max) NOT NULL,
	[URLId] [bigint] NOT NULL,
	[ReportedDate] [datetime] NOT NULL,
	[Deleted] [bit] NOT NULL,
 CONSTRAINT [PK_ReportURL] PRIMARY KEY CLUSTERED 
(
	[Id] ASC
)WITH (PAD_INDEX = OFF, STATISTICS_NORECOMPUTE = OFF, IGNORE_DUP_KEY = OFF, ALLOW_ROW_LOCKS = ON, ALLOW_PAGE_LOCKS = ON) ON [PRIMARY]
) ON [PRIMARY] TEXTIMAGE_ON [PRIMARY]
GO
/****** Object:  Table [dbo].[URLs]    Script Date: 29/09/2018 8:10:03 PM ******/
SET ANSI_NULLS ON
GO
SET QUOTED_IDENTIFIER ON
GO
CREATE TABLE [dbo].[URLs](
	[Id] [bigint] IDENTITY(1,1) NOT NULL,
	[URLAddress] [nvarchar](100) NOT NULL,
	[Status] [bit] NOT NULL,
	[Deleted] [bit] NOT NULL,
	[CreatedOn] [datetime] NOT NULL,
	[UserId] [nvarchar](128) NOT NULL,
	[Duration] [int] NOT NULL,
	[AdminUrl] [bit] NOT NULL,
 CONSTRAINT [PK_URLs] PRIMARY KEY CLUSTERED 
(
	[Id] ASC
)WITH (PAD_INDEX = OFF, STATISTICS_NORECOMPUTE = OFF, IGNORE_DUP_KEY = OFF, ALLOW_ROW_LOCKS = ON, ALLOW_PAGE_LOCKS = ON) ON [PRIMARY]
) ON [PRIMARY]
GO
/****** Object:  Table [dbo].[URLVisits]    Script Date: 29/09/2018 8:10:03 PM ******/
SET ANSI_NULLS ON
GO
SET QUOTED_IDENTIFIER ON
GO
CREATE TABLE [dbo].[URLVisits](
	[Id] [bigint] IDENTITY(1,1) NOT NULL,
	[URLId] [bigint] NOT NULL,
	[VisitedOn] [datetime] NOT NULL,
	[VisitedBy] [nvarchar](128) NOT NULL,
	[Deleted] [bit] NOT NULL,
 CONSTRAINT [PK_URLVisits] PRIMARY KEY CLUSTERED 
(
	[Id] ASC
)WITH (PAD_INDEX = OFF, STATISTICS_NORECOMPUTE = OFF, IGNORE_DUP_KEY = OFF, ALLOW_ROW_LOCKS = ON, ALLOW_PAGE_LOCKS = ON) ON [PRIMARY]
) ON [PRIMARY]
GO
INSERT [dbo].[__MigrationHistory] ([MigrationId], [ContextKey], [Model], [ProductVersion]) VALUES (N'201808101649028_InitialCreate', N'Traffilizer.Service.Models.ApplicationDbContext', 0x1F8B0800000000000400DD5C5B6FE3B6127E3F40FF83A0A7D383D4CAE5EC624F60EF2275929EA09B0BD6D9E2BC2D68897688952855A2D2A4457F591FFA93FA17CE50A26489175D6CC5768A05161639FC66381C92C3E1307FFDF1E7F8C353E05B8F384E484827F6D1E8D0B63075438FD0E5C44ED9E2BB77F687F7DFFC637CE1054FD64F05DD09A783963499D80F8C45A78E93B80F3840C928206E1C26E1828DDC307090173AC78787FF718E8E1C0C10366059D6F8534A190970F6019FD390BA386229F2AF430FFB8928879A59866ADDA000271172F1C4BE8FD162417CF22B8E47331C3F12178FF256B675E6130412CDB0BFB02D4469C81003794F3F2778C6E2902E67111420FFFE39C240B7407E82453F4E57E45DBB7478CCBBE4AC1A16506E9AB030E80978742274E4C8CDD7D2B45DEA10B47801DA66CFBCD7992627F69587B3A24FA10F0A90199E4EFD98134FECEB92C55912DD60362A1A8E72C8CB18E07E09E3AFA32AE281D5B9DD416953C7A343FEEFC09AA63E4B633CA1386531F20FACBB74EE13F747FC7C1F7EC5747272345F9CBC7BF31679276FFF8D4FDE547B0A7D05BA5A0114DDC5618463900D2FCAFEDB96536FE7C80DCB669536B956C096607AD8D6357AFA88E9923DC0C4397E675B97E4097B458930AECF94C06C82462C4EE1F326F57D34F77159EF34F2E4FF37703D7EF37610AE37E8912CB3A197F8C3C489615E7DC27E569B3C90289F5EB5F1FE22C82EE330E0DF75FBCA6BBFCCC2347679674223C93D8A9798D5A51B3B2BE3ED64D21C6A78B32E50F7DFB4B9A4AA796B497987D69909058B6DCF8642DE97E5DBD9E2CEA208062F332DAE912683336F5A2309E5C0D2D0AE4CE9A8AB2951E8E2DF7965BC0810F107581A3B7001EF6441E20097BDFC3E044344B4B7CC7728496065F0FE8B928706D1E1E700A2CFB09BC660B0338682E8C5B9DD3D8414DFA4C19CCF83EDF11A6C68EE7F092F91CBC2F882F2561BE37D0CDDAF61CA2EA8778E18FECCDC02907FDE93A03BC020E29CB92E4E924B3066EC4D4370BE0BC02BCA4E8E7BC3F1856AD7AEC9D44724D0FB26D292FAA5205DF9277A0AC5473190E9FC9426513F864B42BB895A909A45CD295A4515647D45E560DD24159466413382563973AAC13CBF6C848677FD32D8FDF7FD36DBBC4D6B41458D335821F10F98E2189631EF0E318663BA1A812EEBC62E9C856CF838D317DF9B324E3F213F1D9AD55AB3215B04869F0D19ECFECF864C4C287E241EF74A3A1C880A6280EF44AF3F6BB5CF3949B26D4F875A37B7CD7C3B6B8069BA9C2549E8926C16684261229051971F7C38AB3DAA91F7468E8C40C7C0D009DFF2A004FA66CB46754BCFB18F19B6CEDC3C543845898B3C558DD021AF8760C58EAA116C1521A90BF72F8527583A8E7923C40F4109CC5442993A2D08754984FC562D492D3B6E61BCEF250FB9E61C47987286AD9AE8C25C1F10E102947CA44169D3D0D8A9585CB3211ABC56D398B7B9B0AB7157E2145BB1C916DFD96097C27F7B11C36CD6D8168CB359255D043006F77661A0E2ACD2D500E483CBBE19A874623218A870A9B662A0758DEDC040EB2A7975069A1F51BB8EBF745EDD37F3AC1F94B7BFAD37AA6B07B659D3C79E9966EE7B421B062D70AC9AE7F99C57E227A6399C819CE27C9608575736110E3EC3AC1EB259F9BB5A3FD46906918DA8097065682DA0E25A50015226540FE18A585EA374C28BE8015BC4DD1A61C5DA2FC1566C40C5AE5E8F5608CD97A8B271763A7D943D2BAD4131F24E87850A8EC620E4C5ABDEF10E4A31C56555C574F185FB78C3958E89C16850508BE76A5052D199C1B5549866BB96740E591F976C232D49EE93414B456706D792B0D17625699C821E6EC1462AAA6FE1034DB622D251EE3665DDD8C9B3A744C1D831A4598DAF511411BAACA45D89126B96E75C4DBF9BF54F420A720CC74D34B948A5B4252716C66889A55A600D925E923861E788A139E2719EA9172864DABDD5B0FC172CABDBA73A88C53E5050F3DFE2AED07C995FDB7355A744605D424F03EED964E1748D1DE89B5B3C1D0EF928D644F0A7A19F06D4EC68995BE7F778D5F679898A307624F915474AD19AE2EED687A0D300A99363E0C12AFD99F507CC0C61527BE18D56156FF250CD2845C0AA8A620A62ED6C004D8ECD5A8326FB8EFDC7AC15E165E6994858A90288A29E18959C0705AC52D71DB59E9652C5ACD7744794724FAA9052550F29AB19263521AB156BE11934AAA7E8CE41CD29A9A2ABB5DD9135D92555684DF51AD81A99E5BAEEA89A04942AB0A6BA3BF62A1B455E4CF77827339E6836DECAF2C3EF667B9901E36556C661B6C2CA1D7F15A852DC134BDCE22B60A27C2FADCA7802DCD8AAF2D8C7665665C030AF44B55BF2FA42D478B56FC6AC5D7DD716FBA6AB7F335E3FDB7D510B510E823249C9BD3C104A07BFB13884B53FC2514E6539896D156A848DFE396138187182D1EC677FEA13CC97F582E01A51B2C009CBD33DECE3C3A363E9FDCEFEBCA57192C4F3358758D3839AFA986D21738B3EA2D87D40B19A47B1C17B9315A812A2BEA21E7E9AD8BF65AD4EB36807FF95151F5857C9674A7E4EA1E23E4EB1F5BB9A173A4CFE7D87171FA5A0BFBF8AA714DD557EF5BF2F79D303EB3686E9746A1D4A8A5E67F8EB0F2C7A499337DD409AB59F5DBCDED9567BC3A0459566CBFA4F16E6840DF25CA190F29F017AFAB6AF68DA27091B216A9E1D0C8537880A4DCF0AD6C1323E29F0E093654F0AFA7556FFC4601DD18CCF0B08ED0F263F2EE8BE0C152D77B80F690E4EDB5892323DB726676F94A9B9EBBD49C9E1DE68A2AB79DA3DE006CDC5DECC45796539CE836D9D9A14E6C1B07769F72F9EB7BC2FA9CA2BA77DB719CADB4C4A6EB868FA5BE522EF41F69C261B68F719C7DBB635532478CFD336FBE515EF99B1896D7EF7D9C3DB3636538078CF8DAD578EF09ED9DAAEF6CF1D5B5AE72D74E719BF6AF292E1464717456ECBE8CD43EE70FC9F876004B947993FC4D4A79035A5BFB6305C9198999A73D764C6CAC451F82A14CD6CFBF5556CF88D9D1534CD6C0D199F4DBCC5FADFC85BD034F336E451EE2217599BC9A8CB0F6F59C79AD2AA5E53EE71AD272DA9EE6D3E6BE3F5FC6B4A351E4429B5D963B85D7E3D99C583A864C8A9D3239358BD2886BDB3F2371D61FF4EC87205C1FFC223C56E6DD72C69AEE8222C366F49A282448AD05C63863CD852CF624616C86550CD03D0D94BF22CA8C7AF41E6D8BBA2B7298B52065DC6C1DCAF05BCB813D0C43F4B97AECB3CBE8DF857324417404CC203F7B7F4FB94F85E29F7A526266480E0DE8508F7F2B1643CECBB7C2E916E42DA1148A8AF748AEE7110F90096DCD2197AC4EBC806E6F7112F91FBBC8A009A40DA07A2AEF6F13941CB180589C058B5874FB0612F787AFF7F825315D6DA540000, N'6.2.0-61023')
GO
INSERT [dbo].[AspNetRoles] ([Id], [Name]) VALUES (N'1', N'Admin')
GO
INSERT [dbo].[AspNetRoles] ([Id], [Name]) VALUES (N'2', N'User')
GO
INSERT [dbo].[AspNetUserRoles] ([UserId], [RoleId]) VALUES (N'09f4f447-7a4a-4628-a7d6-92783b149458', N'1')
GO
INSERT [dbo].[AspNetUserRoles] ([UserId], [RoleId]) VALUES (N'04919535-7153-4599-ad58-a43c3161f3a8', N'2')
GO
INSERT [dbo].[AspNetUserRoles] ([UserId], [RoleId]) VALUES (N'325d1d3c-294e-41cd-aa0b-ee4d0f59c664', N'2')
GO
INSERT [dbo].[AspNetUsers] ([Id], [Email], [EmailConfirmed], [PasswordHash], [SecurityStamp], [PhoneNumber], [PhoneNumberConfirmed], [TwoFactorEnabled], [LockoutEndDateUtc], [LockoutEnabled], [AccessFailedCount], [UserName]) VALUES (N'04919535-7153-4599-ad58-a43c3161f3a8', N'haseeb_ullah@live.com', 0, N'AFImDPmjp1new01m3b4CLBx6qg2ALIVz4HJqegW1BT3zPBOJ9mM2OKey+RlCYysGPQ==', N'889fd895-f1b9-45b4-b4cb-1b5f1816c454', NULL, 0, 0, NULL, 0, 0, N'haseeb_ullah@live.com')
GO
INSERT [dbo].[AspNetUsers] ([Id], [Email], [EmailConfirmed], [PasswordHash], [SecurityStamp], [PhoneNumber], [PhoneNumberConfirmed], [TwoFactorEnabled], [LockoutEndDateUtc], [LockoutEnabled], [AccessFailedCount], [UserName]) VALUES (N'09f4f447-7a4a-4628-a7d6-92783b149458', N'mhaseebullah92@gmail.com', 0, N'ALyxeSQzXPE/PLHyR6WoiaWmHKOsA6LYZ/jNtQdTqm/l06R4GwwucN1+/610cYWNsQ==', N'937eb1a1-15bb-4b88-a1c9-b7b9492ac475', NULL, 0, 0, NULL, 0, 0, N'mhaseebullah92@gmail.com')
GO
INSERT [dbo].[AspNetUsers] ([Id], [Email], [EmailConfirmed], [PasswordHash], [SecurityStamp], [PhoneNumber], [PhoneNumberConfirmed], [TwoFactorEnabled], [LockoutEndDateUtc], [LockoutEnabled], [AccessFailedCount], [UserName]) VALUES (N'325d1d3c-294e-41cd-aa0b-ee4d0f59c664', N'haseeb_ullah92@yahoo.com', 0, N'AIKCCxnxT/5Zl3TCfPTTBPaFg4J9fT6KgIeaiW/wHmNPOWmJoV4hYyaVg2CIaoY5HA==', N'86d7a0a5-5daf-417a-bb8a-cb5ddd82ff13', NULL, 0, 0, NULL, 0, 0, N'haseeb_ullah92@yahoo.com')
GO
SET IDENTITY_INSERT [dbo].[ReportURL] ON 
GO
INSERT [dbo].[ReportURL] ([Id], [Message], [URLId], [ReportedDate], [Deleted]) VALUES (1, N'Test', 10014, CAST(N'2018-09-25T22:32:14.290' AS DateTime), 0)
GO
INSERT [dbo].[ReportURL] ([Id], [Message], [URLId], [ReportedDate], [Deleted]) VALUES (2, N'please check this', 10015, CAST(N'2018-09-25T22:53:16.760' AS DateTime), 0)
GO
SET IDENTITY_INSERT [dbo].[ReportURL] OFF
GO
SET IDENTITY_INSERT [dbo].[URLs] ON 
GO
INSERT [dbo].[URLs] ([Id], [URLAddress], [Status], [Deleted], [CreatedOn], [UserId], [Duration], [AdminUrl]) VALUES (1, N'https://www.skyboss.com', 1, 1, CAST(N'2018-08-14T01:21:15.943' AS DateTime), N'09f4f447-7a4a-4628-a7d6-92783b149458', 1, 1)
GO
INSERT [dbo].[URLs] ([Id], [URLAddress], [Status], [Deleted], [CreatedOn], [UserId], [Duration], [AdminUrl]) VALUES (3, N'https://www.facebook.com', 1, 0, CAST(N'2018-08-24T18:47:35.507' AS DateTime), N'09f4f447-7a4a-4628-a7d6-92783b149458', 1, 1)
GO
INSERT [dbo].[URLs] ([Id], [URLAddress], [Status], [Deleted], [CreatedOn], [UserId], [Duration], [AdminUrl]) VALUES (4, N'https://www.google.com', 1, 0, CAST(N'2018-08-24T18:49:23.487' AS DateTime), N'09f4f447-7a4a-4628-a7d6-92783b149458', 1, 1)
GO
INSERT [dbo].[URLs] ([Id], [URLAddress], [Status], [Deleted], [CreatedOn], [UserId], [Duration], [AdminUrl]) VALUES (5, N'https://www.traffilizer.com', 1, 0, CAST(N'2018-08-29T22:54:15.377' AS DateTime), N'09f4f447-7a4a-4628-a7d6-92783b149458', 1, 1)
GO
INSERT [dbo].[URLs] ([Id], [URLAddress], [Status], [Deleted], [CreatedOn], [UserId], [Duration], [AdminUrl]) VALUES (10005, N'https://www.linkedin.com/', 1, 0, CAST(N'2018-09-05T14:08:26.547' AS DateTime), N'325d1d3c-294e-41cd-aa0b-ee4d0f59c664', 1, 0)
GO
INSERT [dbo].[URLs] ([Id], [URLAddress], [Status], [Deleted], [CreatedOn], [UserId], [Duration], [AdminUrl]) VALUES (10006, N'https://tribune.com.pk/', 1, 0, CAST(N'2018-09-05T14:08:50.230' AS DateTime), N'325d1d3c-294e-41cd-aa0b-ee4d0f59c664', 1, 0)
GO
INSERT [dbo].[URLs] ([Id], [URLAddress], [Status], [Deleted], [CreatedOn], [UserId], [Duration], [AdminUrl]) VALUES (10007, N'https://soundcloud.com/', 1, 0, CAST(N'2018-09-05T14:09:04.710' AS DateTime), N'325d1d3c-294e-41cd-aa0b-ee4d0f59c664', 1, 0)
GO
INSERT [dbo].[URLs] ([Id], [URLAddress], [Status], [Deleted], [CreatedOn], [UserId], [Duration], [AdminUrl]) VALUES (10008, N'https://arynews.tv/en/', 1, 0, CAST(N'2018-09-06T22:39:40.393' AS DateTime), N'09f4f447-7a4a-4628-a7d6-92783b149458', 1, 1)
GO
INSERT [dbo].[URLs] ([Id], [URLAddress], [Status], [Deleted], [CreatedOn], [UserId], [Duration], [AdminUrl]) VALUES (10009, N'https://twitter.com/traffilizer', 1, 0, CAST(N'2018-09-20T15:04:00.993' AS DateTime), N'09f4f447-7a4a-4628-a7d6-92783b149458', 1, 1)
GO
INSERT [dbo].[URLs] ([Id], [URLAddress], [Status], [Deleted], [CreatedOn], [UserId], [Duration], [AdminUrl]) VALUES (10010, N'https://bitbucket.org', 1, 0, CAST(N'2018-09-21T17:23:28.973' AS DateTime), N'09f4f447-7a4a-4628-a7d6-92783b149458', 1, 1)
GO
INSERT [dbo].[URLs] ([Id], [URLAddress], [Status], [Deleted], [CreatedOn], [UserId], [Duration], [AdminUrl]) VALUES (10011, N'https://stackoverflow.com', 1, 0, CAST(N'2018-09-21T17:40:32.503' AS DateTime), N'325d1d3c-294e-41cd-aa0b-ee4d0f59c664', 1, 0)
GO
INSERT [dbo].[URLs] ([Id], [URLAddress], [Status], [Deleted], [CreatedOn], [UserId], [Duration], [AdminUrl]) VALUES (10012, N'https://web.whatsapp.com/', 1, 0, CAST(N'2018-09-21T17:40:49.607' AS DateTime), N'325d1d3c-294e-41cd-aa0b-ee4d0f59c664', 1, 0)
GO
INSERT [dbo].[URLs] ([Id], [URLAddress], [Status], [Deleted], [CreatedOn], [UserId], [Duration], [AdminUrl]) VALUES (10013, N'https://synergyit.intervalsonline.com/', 1, 0, CAST(N'2018-09-21T17:41:09.160' AS DateTime), N'325d1d3c-294e-41cd-aa0b-ee4d0f59c664', 1, 0)
GO
INSERT [dbo].[URLs] ([Id], [URLAddress], [Status], [Deleted], [CreatedOn], [UserId], [Duration], [AdminUrl]) VALUES (10014, N'https://tezhost.com/', 1, 0, CAST(N'2018-09-21T17:44:16.103' AS DateTime), N'04919535-7153-4599-ad58-a43c3161f3a8', 1, 0)
GO
INSERT [dbo].[URLs] ([Id], [URLAddress], [Status], [Deleted], [CreatedOn], [UserId], [Duration], [AdminUrl]) VALUES (10015, N'https://pk.godaddy.com/', 1, 0, CAST(N'2018-09-21T17:44:50.890' AS DateTime), N'04919535-7153-4599-ad58-a43c3161f3a8', 1, 0)
GO
INSERT [dbo].[URLs] ([Id], [URLAddress], [Status], [Deleted], [CreatedOn], [UserId], [Duration], [AdminUrl]) VALUES (10016, N'https://www.quora.com/', 1, 0, CAST(N'2018-09-21T17:45:13.143' AS DateTime), N'04919535-7153-4599-ad58-a43c3161f3a8', 1, 0)
GO
INSERT [dbo].[URLs] ([Id], [URLAddress], [Status], [Deleted], [CreatedOn], [UserId], [Duration], [AdminUrl]) VALUES (10017, N'https://github.com/', 1, 0, CAST(N'2018-09-26T21:41:46.560' AS DateTime), N'04919535-7153-4599-ad58-a43c3161f3a8', 1, 0)
GO
SET IDENTITY_INSERT [dbo].[URLs] OFF
GO
SET IDENTITY_INSERT [dbo].[URLVisits] ON 
GO
INSERT [dbo].[URLVisits] ([Id], [URLId], [VisitedOn], [VisitedBy], [Deleted]) VALUES (3, 1, CAST(N'2018-09-21T14:09:04.710' AS DateTime), N'325d1d3c-294e-41cd-aa0b-ee4d0f59c664', 0)
GO
INSERT [dbo].[URLVisits] ([Id], [URLId], [VisitedOn], [VisitedBy], [Deleted]) VALUES (8, 10005, CAST(N'2018-09-21T14:08:50.230' AS DateTime), N'09f4f447-7a4a-4628-a7d6-92783b149458', 0)
GO
INSERT [dbo].[URLVisits] ([Id], [URLId], [VisitedOn], [VisitedBy], [Deleted]) VALUES (9, 10006, CAST(N'2018-09-21T14:08:50.230' AS DateTime), N'09f4f447-7a4a-4628-a7d6-92783b149458', 0)
GO
INSERT [dbo].[URLVisits] ([Id], [URLId], [VisitedOn], [VisitedBy], [Deleted]) VALUES (21, 4, CAST(N'2018-09-21T00:00:00.000' AS DateTime), N'04919535-7153-4599-ad58-a43c3161f3a8', 0)
GO
INSERT [dbo].[URLVisits] ([Id], [URLId], [VisitedOn], [VisitedBy], [Deleted]) VALUES (28, 10010, CAST(N'2018-09-21T00:00:00.000' AS DateTime), N'04919535-7153-4599-ad58-a43c3161f3a8', 0)
GO
INSERT [dbo].[URLVisits] ([Id], [URLId], [VisitedOn], [VisitedBy], [Deleted]) VALUES (30, 10009, CAST(N'2018-09-21T00:00:00.000' AS DateTime), N'04919535-7153-4599-ad58-a43c3161f3a8', 0)
GO
INSERT [dbo].[URLVisits] ([Id], [URLId], [VisitedOn], [VisitedBy], [Deleted]) VALUES (31, 10009, CAST(N'2018-09-21T20:53:57.247' AS DateTime), N'04919535-7153-4599-ad58-a43c3161f3a8', 0)
GO
INSERT [dbo].[URLVisits] ([Id], [URLId], [VisitedOn], [VisitedBy], [Deleted]) VALUES (32, 10010, CAST(N'2018-09-21T22:50:32.823' AS DateTime), N'04919535-7153-4599-ad58-a43c3161f3a8', 0)
GO
INSERT [dbo].[URLVisits] ([Id], [URLId], [VisitedOn], [VisitedBy], [Deleted]) VALUES (33, 5, CAST(N'2018-09-21T22:52:16.060' AS DateTime), N'04919535-7153-4599-ad58-a43c3161f3a8', 0)
GO
INSERT [dbo].[URLVisits] ([Id], [URLId], [VisitedOn], [VisitedBy], [Deleted]) VALUES (34, 3, CAST(N'2018-09-21T22:52:27.543' AS DateTime), N'04919535-7153-4599-ad58-a43c3161f3a8', 0)
GO
INSERT [dbo].[URLVisits] ([Id], [URLId], [VisitedOn], [VisitedBy], [Deleted]) VALUES (10182, 10015, CAST(N'2018-09-25T01:41:28.747' AS DateTime), N'09f4f447-7a4a-4628-a7d6-92783b149458', 0)
GO
INSERT [dbo].[URLVisits] ([Id], [URLId], [VisitedOn], [VisitedBy], [Deleted]) VALUES (10183, 10015, CAST(N'2018-09-25T21:49:12.520' AS DateTime), N'09f4f447-7a4a-4628-a7d6-92783b149458', 0)
GO
INSERT [dbo].[URLVisits] ([Id], [URLId], [VisitedOn], [VisitedBy], [Deleted]) VALUES (10184, 10015, CAST(N'2018-09-25T22:11:27.013' AS DateTime), N'09f4f447-7a4a-4628-a7d6-92783b149458', 0)
GO
INSERT [dbo].[URLVisits] ([Id], [URLId], [VisitedOn], [VisitedBy], [Deleted]) VALUES (10185, 10015, CAST(N'2018-09-25T22:26:35.183' AS DateTime), N'09f4f447-7a4a-4628-a7d6-92783b149458', 0)
GO
INSERT [dbo].[URLVisits] ([Id], [URLId], [VisitedOn], [VisitedBy], [Deleted]) VALUES (10186, 10014, CAST(N'2018-09-25T22:29:58.523' AS DateTime), N'09f4f447-7a4a-4628-a7d6-92783b149458', 0)
GO
INSERT [dbo].[URLVisits] ([Id], [URLId], [VisitedOn], [VisitedBy], [Deleted]) VALUES (10187, 10015, CAST(N'2018-09-25T22:53:04.693' AS DateTime), N'09f4f447-7a4a-4628-a7d6-92783b149458', 0)
GO
INSERT [dbo].[URLVisits] ([Id], [URLId], [VisitedOn], [VisitedBy], [Deleted]) VALUES (20072, 5, CAST(N'2018-09-27T21:45:56.173' AS DateTime), N'04919535-7153-4599-ad58-a43c3161f3a8', 0)
GO
INSERT [dbo].[URLVisits] ([Id], [URLId], [VisitedOn], [VisitedBy], [Deleted]) VALUES (20073, 5, CAST(N'2018-09-27T21:45:56.173' AS DateTime), N'04919535-7153-4599-ad58-a43c3161f3a8', 0)
GO
INSERT [dbo].[URLVisits] ([Id], [URLId], [VisitedOn], [VisitedBy], [Deleted]) VALUES (20074, 5, CAST(N'2018-09-27T21:45:56.173' AS DateTime), N'04919535-7153-4599-ad58-a43c3161f3a8', 0)
GO
INSERT [dbo].[URLVisits] ([Id], [URLId], [VisitedOn], [VisitedBy], [Deleted]) VALUES (20075, 10008, CAST(N'2018-09-27T21:45:59.743' AS DateTime), N'04919535-7153-4599-ad58-a43c3161f3a8', 0)
GO
INSERT [dbo].[URLVisits] ([Id], [URLId], [VisitedOn], [VisitedBy], [Deleted]) VALUES (20076, 4, CAST(N'2018-09-27T21:46:11.167' AS DateTime), N'04919535-7153-4599-ad58-a43c3161f3a8', 0)
GO
INSERT [dbo].[URLVisits] ([Id], [URLId], [VisitedOn], [VisitedBy], [Deleted]) VALUES (20077, 4, CAST(N'2018-09-27T21:46:17.833' AS DateTime), N'04919535-7153-4599-ad58-a43c3161f3a8', 0)
GO
INSERT [dbo].[URLVisits] ([Id], [URLId], [VisitedOn], [VisitedBy], [Deleted]) VALUES (20078, 5, CAST(N'2018-09-27T21:47:32.163' AS DateTime), N'04919535-7153-4599-ad58-a43c3161f3a8', 0)
GO
INSERT [dbo].[URLVisits] ([Id], [URLId], [VisitedOn], [VisitedBy], [Deleted]) VALUES (20079, 5, CAST(N'2018-09-27T21:51:26.293' AS DateTime), N'04919535-7153-4599-ad58-a43c3161f3a8', 0)
GO
SET IDENTITY_INSERT [dbo].[URLVisits] OFF
GO
ALTER TABLE [dbo].[ReportURL] ADD  CONSTRAINT [DF_ReportURL_Deleted]  DEFAULT ((0)) FOR [Deleted]
GO
ALTER TABLE [dbo].[URLs] ADD  CONSTRAINT [DF_URLs_Status]  DEFAULT ((0)) FOR [Status]
GO
ALTER TABLE [dbo].[URLs] ADD  CONSTRAINT [DF_URLs_Deleted]  DEFAULT ((0)) FOR [Deleted]
GO
ALTER TABLE [dbo].[URLVisits] ADD  CONSTRAINT [DF_URLVisits_Deleted]  DEFAULT ((0)) FOR [Deleted]
GO
ALTER TABLE [dbo].[AspNetUserClaims]  WITH CHECK ADD  CONSTRAINT [FK_dbo.AspNetUserClaims_dbo.AspNetUsers_UserId] FOREIGN KEY([UserId])
REFERENCES [dbo].[AspNetUsers] ([Id])
ON DELETE CASCADE
GO
ALTER TABLE [dbo].[AspNetUserClaims] CHECK CONSTRAINT [FK_dbo.AspNetUserClaims_dbo.AspNetUsers_UserId]
GO
ALTER TABLE [dbo].[AspNetUserLogins]  WITH CHECK ADD  CONSTRAINT [FK_dbo.AspNetUserLogins_dbo.AspNetUsers_UserId] FOREIGN KEY([UserId])
REFERENCES [dbo].[AspNetUsers] ([Id])
ON DELETE CASCADE
GO
ALTER TABLE [dbo].[AspNetUserLogins] CHECK CONSTRAINT [FK_dbo.AspNetUserLogins_dbo.AspNetUsers_UserId]
GO
ALTER TABLE [dbo].[AspNetUserRoles]  WITH CHECK ADD  CONSTRAINT [FK_dbo.AspNetUserRoles_dbo.AspNetRoles_RoleId] FOREIGN KEY([RoleId])
REFERENCES [dbo].[AspNetRoles] ([Id])
ON DELETE CASCADE
GO
ALTER TABLE [dbo].[AspNetUserRoles] CHECK CONSTRAINT [FK_dbo.AspNetUserRoles_dbo.AspNetRoles_RoleId]
GO
ALTER TABLE [dbo].[AspNetUserRoles]  WITH CHECK ADD  CONSTRAINT [FK_dbo.AspNetUserRoles_dbo.AspNetUsers_UserId] FOREIGN KEY([UserId])
REFERENCES [dbo].[AspNetUsers] ([Id])
ON DELETE CASCADE
GO
ALTER TABLE [dbo].[AspNetUserRoles] CHECK CONSTRAINT [FK_dbo.AspNetUserRoles_dbo.AspNetUsers_UserId]
GO
ALTER TABLE [dbo].[ReportURL]  WITH CHECK ADD  CONSTRAINT [FK_ReportURL_URLs] FOREIGN KEY([URLId])
REFERENCES [dbo].[URLs] ([Id])
GO
ALTER TABLE [dbo].[ReportURL] CHECK CONSTRAINT [FK_ReportURL_URLs]
GO
ALTER TABLE [dbo].[URLs]  WITH CHECK ADD  CONSTRAINT [FK_URLs_AspNetUsers] FOREIGN KEY([UserId])
REFERENCES [dbo].[AspNetUsers] ([Id])
GO
ALTER TABLE [dbo].[URLs] CHECK CONSTRAINT [FK_URLs_AspNetUsers]
GO
ALTER TABLE [dbo].[URLVisits]  WITH CHECK ADD  CONSTRAINT [FK_URLVisits_AspNetUsers] FOREIGN KEY([VisitedBy])
REFERENCES [dbo].[AspNetUsers] ([Id])
GO
ALTER TABLE [dbo].[URLVisits] CHECK CONSTRAINT [FK_URLVisits_AspNetUsers]
GO
ALTER TABLE [dbo].[URLVisits]  WITH CHECK ADD  CONSTRAINT [FK_URLVisits_URLs] FOREIGN KEY([URLId])
REFERENCES [dbo].[URLs] ([Id])
GO
ALTER TABLE [dbo].[URLVisits] CHECK CONSTRAINT [FK_URLVisits_URLs]
GO
/****** Object:  StoredProcedure [dbo].[GetUrlForVisit]    Script Date: 29/09/2018 8:10:03 PM ******/
SET ANSI_NULLS ON
GO
SET QUOTED_IDENTIFIER ON
GO

-- =============================================
-- Author:		<Haseeb Ullah>
-- Create date: <05/09/2018>
-- Description:	<Description,,>
-- =============================================
-- EXEC [dbo].[GetUrlForVisit] '325d1d3c-294e-41cd-aa0b-ee4d0f59c664', 5, 1
CREATE PROCEDURE [dbo].[GetUrlForVisit] @UserId NVARCHAR(128)
	,@Time INT
	,@Duration INT
AS
BEGIN
	-- SET NOCOUNT ON added to prevent extra result sets from
	-- interfering with SELECT statements.
	SET NOCOUNT ON;

	IF OBJECT_ID(N'tempdb.dbo.#Temp_URL') IS NOT NULL
	BEGIN
		DROP TABLE #Temp_URL
	END

	-- Insert statements for procedure here
	SELECT TOP 1 ur.id
		,ur.URLAddress
		,ur.Duration
	INTO #Temp_URL
	FROM URLs ur
	JOIN (
		SELECT received.UserId
		FROM (
			SELECT ur.UserId
				,COUNT(uv.id) AS rceivedVisits
			FROM URLs ur
			LEFT JOIN URLVisits uv ON ur.Id = uv.URLId
			WHERE ur.UserId <> @UserId
				AND ur.Duration = @Duration
			GROUP BY ur.UserId
			) received
		JOIN (
			SELECT uv.VisitedBy
				,COUNT(uv.id) AS givenVisits
			FROM URLs ur
			JOIN URLVisits uv ON ur.Id = uv.URLId
			WHERE uv.VisitedBy <> @UserId
				AND ur.Duration = @Duration
			GROUP BY uv.VisitedBy
			) given ON received.UserId = given.VisitedBy
		WHERE received.rceivedVisits < givenVisits
		) users ON ur.UserId = users.UserId
	WHERE ur.STATUS = 1
		AND ur.AdminUrl = 0
		AND ur.Deleted = 0
	ORDER BY NEWID()

	IF (
			EXISTS (
				SELECT *
				FROM #Temp_URL
				)
			AND @Time % 5 <> 0
			)
	BEGIN
		SELECT *
		FROM #Temp_URL
	END
	ELSE
	BEGIN
		SELECT TOP 1 ur.id
			,ur.URLAddress
			,ur.Duration
		FROM URLs ur
		WHERE ur.STATUS = 1
			AND ur.AdminUrl = 1
			AND ur.Deleted = 0
			AND ur.UserId <> @UserId
			AND ur.Duration = @Duration
		ORDER BY NEWID()
	END
			----- Fake Query -----
			--SELECT ur.id
			--	,ur.URLAddress
			--	,ur.Duration
			--FROM URLs ur
			----- Fake Query -----
END
GO
